sepal_length,sepal_width,petal_length,petal_width,species
4.2,2.87,1.45,0.13,Iris-setosa
4.98,3.4,1.33,0.29,Iris-setosa
4.75,2.91,1.63,0.15,Iris-setosa
4.54,2.73,1.51,0.17,Iris-setosa
4.93,3.27,1.56,0.24,Iris-setosa
4.79,2.75,1.46,0.13,Iris-setosa
5.03,3.08,1.66,0.19,Iris-setosa
5.0,3.35,1.92,0.32,Iris-setosa
5.33,3.9,1.36,0.36,Iris-setosa
4.49,3.03,1.38,0.12,Iris-setosa
5.96,4.34,1.65,0.32,Iris-setosa
5.14,3.36,1.45,0.18,Iris-setosa
4.58,3.28,1.34,0.1,Iris-setosa
4.48,3.29,1.15,0.13,Iris-setosa
4.09,3.0,1.19,0.24,Iris-setosa
4.6,3.61,1.68,0.33,Iris-setosa
4.98,3.48,1.39,0.22,Iris-setosa
5.26,3.98,1.47,0.28,Iris-setosa
5.32,3.6,1.65,0.17,Iris-setosa
5.62,3.79,1.23,0.15,Iris-setosa
5.56,3.37,1.54,0.15,Iris-setosa
4.86,3.59,1.49,0.43,Iris-setosa
5.11,3.46,1.37,-0.05,Iris-setosa
4.76,3.1,1.57,0.18,Iris-setosa
5.02,2.95,1.24,0.03,Iris-setosa
5.35,4.11,1.59,0.42,Iris-setosa
4.46,3.1,1.39,0.27,Iris-setosa
4.74,3.59,1.59,0.23,Iris-setosa
5.34,3.26,1.55,0.41,Iris-setosa
5.05,3.63,1.29,0.1,Iris-setosa
4.42,3.06,1.32,0.16,Iris-setosa
5.39,3.67,1.61,0.13,Iris-setosa
4.83,3.26,1.08,0.22,Iris-setosa
5.39,3.42,1.76,0.42,Iris-setosa
4.71,3.32,1.64,0.24,Iris-setosa
5.29,3.4,1.32,0.06,Iris-setosa
4.28,2.69,1.2,0.22,Iris-setosa
4.8,3.3,1.57,0.31,Iris-setosa
4.64,2.89,1.28,-0.13,Iris-setosa
5.41,3.7,1.64,0.25,Iris-setosa
5.12,3.63,1.6,0.26,Iris-setosa
5.05,3.23,1.48,0.27,Iris-setosa
5.22,3.83,1.63,0.06,Iris-setosa
5.26,3.29,1.28,0.25,Iris-setosa
5.07,3.61,1.45,0.2,Iris-setosa
4.97,3.5,0.98,0.45,Iris-setosa
4.94,3.67,1.42,0.19,Iris-setosa
5.16,3.39,1.49,0.38,Iris-setosa
4.68,3.36,1.64,0.23,Iris-setosa
4.91,3.6,1.4,0.22,Iris-setosa
4.46,3.2,1.43,0.16,Iris-setosa
5.13,3.45,1.61,0.19,Iris-setosa
4.71,3.07,1.6,0.29,Iris-setosa
4.65,2.86,0.95,0.07,Iris-setosa
4.95,3.03,1.32,0.29,Iris-setosa
5.22,3.32,1.83,0.29,Iris-setosa
5.28,3.36,1.66,0.44,Iris-setosa
5.09,3.61,1.46,0.18,Iris-setosa
5.07,3.0,1.45,0.23,Iris-setosa
4.95,3.99,1.28,0.28,Iris-setosa
5.09,3.53,1.42,0.39,Iris-setosa
4.66,3.35,1.28,0.38,Iris-setosa
4.88,3.56,1.44,0.37,Iris-setosa
5.19,2.94,1.21,0.19,Iris-setosa
5.1,3.45,1.37,0.2,Iris-setosa
4.33,2.93,1.35,0.16,Iris-setosa
5.63,3.95,1.51,0.31,Iris-setosa
4.68,3.37,1.07,0.24,Iris-setosa
5.07,2.76,1.69,0.34,Iris-setosa
4.83,3.46,1.46,0.13,Iris-setosa
5.14,3.27,1.42,0.16,Iris-setosa
5.04,3.35,1.41,0.07,Iris-setosa
4.31,2.85,1.63,-0.01,Iris-setosa
5.49,3.31,1.79,0.44,Iris-setosa
4.48,2.97,1.31,0.34,Iris-setosa
4.09,2.12,1.29,0.07,Iris-setosa
5.34,3.84,1.75,0.33,Iris-setosa
4.86,3.11,1.6,0.06,Iris-setosa
5.28,3.82,1.46,0.43,Iris-setosa
5.01,3.14,1.44,0.43,Iris-setosa
5.1,3.45,1.51,0.25,Iris-setosa
4.7,3.2,1.25,0.22,Iris-setosa
5.48,3.17,1.87,0.43,Iris-setosa
4.91,3.61,1.49,0.2,Iris-setosa
4.98,3.69,1.48,0.09,Iris-setosa
5.24,3.68,1.68,0.37,Iris-setosa
5.06,3.09,1.49,0.13,Iris-setosa
5.4,3.47,1.59,0.37,Iris-setosa
4.55,3.14,1.67,0.3,Iris-setosa
4.48,3.07,1.47,0.15,Iris-setosa
4.31,2.84,1.28,0.13,Iris-setosa
4.87,3.56,1.71,0.41,Iris-setosa
5.58,4.26,1.54,0.41,Iris-setosa
5.4,4.01,1.17,0.24,Iris-setosa
4.66,3.28,1.56,0.21,Iris-setosa
5.73,3.71,1.45,0.21,Iris-setosa
5.19,3.74,1.44,0.26,Iris-setosa
5.11,3.26,1.48,0.26,Iris-setosa
5.33,3.52,1.55,0.3,Iris-setosa
5.03,3.72,1.44,0.21,Iris-setosa
4.6,2.71,1.46,0.05,Iris-setosa
4.55,3.18,1.34,0.11,Iris-setosa
5.32,3.99,1.46,0.45,Iris-setosa
5.17,3.52,1.45,0.3,Iris-setosa
5.06,3.24,1.59,0.24,Iris-setosa
4.96,2.91,1.46,0.08,Iris-setosa
5.05,3.59,1.73,0.34,Iris-setosa
4.87,3.35,1.37,0.07,Iris-setosa
5.17,3.84,1.6,0.37,Iris-setosa
5.49,4.12,1.7,0.22,Iris-setosa
5.29,4.14,1.3,0.24,Iris-setosa
4.92,3.1,1.27,0.39,Iris-setosa
5.79,3.99,1.61,0.24,Iris-setosa
5.0,3.82,1.45,0.28,Iris-setosa
4.97,3.63,1.39,0.31,Iris-setosa
4.99,3.19,1.59,0.16,Iris-setosa
5.74,3.63,1.5,0.24,Iris-setosa
4.88,3.87,1.27,0.32,Iris-setosa
5.08,3.63,1.51,0.12,Iris-setosa
4.47,2.87,1.33,-0.03,Iris-setosa
5.6,3.82,1.38,0.07,Iris-setosa
5.55,4.06,1.7,0.37,Iris-setosa
4.85,2.83,1.26,0.16,Iris-setosa
5.04,3.7,1.3,0.35,Iris-setosa
4.3,3.0,1.22,0.21,Iris-setosa
5.08,3.19,1.77,0.29,Iris-setosa
5.12,4.03,1.47,0.04,Iris-setosa
4.43,3.2,1.56,0.17,Iris-setosa
5.05,3.06,1.58,0.22,Iris-setosa
5.28,3.4,1.49,0.05,Iris-setosa
5.22,3.14,1.39,0.18,Iris-setosa
5.2,3.65,1.04,0.13,Iris-setosa
4.51,3.4,1.3,0.26,Iris-setosa
4.77,3.09,1.13,0.18,Iris-setosa
4.96,3.5,1.62,0.25,Iris-setosa
4.99,3.13,1.43,0.24,Iris-setosa
5.69,3.82,1.49,0.4,Iris-setosa
4.94,3.68,1.62,0.26,Iris-setosa
4.93,3.16,1.52,0.16,Iris-setosa
4.72,3.11,1.5,0.22,Iris-setosa
5.03,3.21,1.55,0.07,Iris-setosa
5.36,3.81,1.4,0.48,Iris-setosa
5.08,4.02,1.64,0.17,Iris-setosa
5.12,3.44,1.23,0.26,Iris-setosa
5.03,3.74,1.47,0.23,Iris-setosa
5.17,3.69,1.61,0.23,Iris-setosa
5.01,3.61,1.34,0.18,Iris-setosa
4.9,3.71,1.63,0.36,Iris-setosa
5.28,3.23,1.5,0.25,Iris-setosa
4.67,3.01,1.42,0.17,Iris-setosa
4.85,3.31,1.49,0.34,Iris-setosa
4.95,3.6,1.48,0.34,Iris-setosa
4.33,2.74,1.43,0.0,Iris-setosa
4.43,3.06,1.15,0.3,Iris-setosa
4.61,2.95,1.34,0.25,Iris-setosa
4.57,2.97,1.34,0.24,Iris-setosa
4.97,3.45,1.62,0.28,Iris-setosa
4.63,3.41,1.24,0.09,Iris-setosa
4.94,3.77,1.32,0.05,Iris-setosa
5.53,3.85,1.56,0.39,Iris-setosa
5.09,3.59,1.27,0.32,Iris-setosa
5.62,3.9,1.9,0.49,Iris-setosa
4.97,3.17,1.48,0.29,Iris-setosa
5.48,4.02,1.45,0.45,Iris-setosa
5.58,3.76,1.73,0.12,Iris-setosa
4.6,2.91,1.29,0.07,Iris-setosa
4.89,3.37,1.55,0.34,Iris-setosa
4.73,2.94,1.18,0.18,Iris-setosa
4.86,3.17,1.52,0.21,Iris-setosa
4.76,3.21,1.58,0.29,Iris-setosa
5.07,3.53,1.75,0.33,Iris-setosa
5.43,3.59,1.54,0.26,Iris-setosa
5.04,3.71,1.47,0.31,Iris-setosa
4.97,3.53,1.11,0.15,Iris-setosa
5.39,3.82,1.52,0.11,Iris-setosa
4.79,2.94,1.67,0.22,Iris-setosa
4.9,3.6,1.6,0.29,Iris-setosa
4.64,3.23,1.5,0.19,Iris-setosa
4.42,2.66,1.58,0.2,Iris-setosa
4.53,2.95,1.65,0.22,Iris-setosa
5.54,4.03,1.51,0.49,Iris-setosa
4.75,2.73,1.32,0.22,Iris-setosa
5.29,3.33,1.64,0.22,Iris-setosa
4.76,3.4,0.92,0.24,Iris-setosa
5.1,3.31,1.71,0.2,Iris-setosa
4.75,3.06,1.55,0.33,Iris-setosa
4.82,3.14,1.36,0.27,Iris-setosa
5.15,3.36,1.94,0.32,Iris-setosa
5.29,3.34,1.59,0.41,Iris-setosa
4.5,3.16,1.68,0.31,Iris-setosa
5.61,4.27,1.28,0.31,Iris-setosa
5.41,3.55,1.47,0.14,Iris-setosa
4.62,2.81,1.47,0.22,Iris-setosa
5.04,3.19,1.42,0.33,Iris-setosa
5.05,3.95,1.6,0.31,Iris-setosa
4.66,3.28,1.36,0.14,Iris-setosa
4.36,2.61,1.26,0.3,Iris-setosa
4.79,2.87,1.3,0.04,Iris-setosa
5.36,3.49,1.44,0.22,Iris-setosa
5.32,3.66,1.47,0.18,Iris-setosa
5.29,3.91,1.23,0.21,Iris-setosa
5.41,3.68,1.51,0.28,Iris-setosa
4.85,3.19,1.42,0.34,Iris-setosa
4.41,2.64,1.25,0.24,Iris-setosa
4.72,3.56,1.19,0.28,Iris-setosa
4.55,2.9,1.58,0.37,Iris-setosa
5.35,3.47,1.45,0.39,Iris-setosa
5.15,3.66,1.51,0.29,Iris-setosa
5.1,3.38,1.62,0.19,Iris-setosa
4.93,2.94,1.27,0.03,Iris-setosa
5.0,2.92,1.68,0.32,Iris-setosa
4.73,3.2,1.47,0.17,Iris-setosa
4.37,3.14,1.54,0.3,Iris-setosa
5.31,3.42,1.57,0.32,Iris-setosa
5.1,3.61,1.33,0.21,Iris-setosa
4.71,3.11,1.47,0.28,Iris-setosa
5.17,3.42,1.42,0.12,Iris-setosa
5.33,3.7,1.29,0.25,Iris-setosa
5.28,3.62,1.34,0.16,Iris-setosa
4.96,3.55,1.3,0.22,Iris-setosa
5.34,3.74,1.36,0.16,Iris-setosa
5.28,3.42,1.29,0.3,Iris-setosa
5.26,3.68,1.6,0.28,Iris-setosa
4.82,3.19,1.4,0.21,Iris-setosa
5.54,3.82,1.63,0.39,Iris-setosa
5.55,3.97,1.74,0.29,Iris-setosa
5.3,3.89,1.37,0.46,Iris-setosa
4.96,3.57,1.56,0.42,Iris-setosa
4.86,3.47,1.25,0.27,Iris-setosa
5.23,3.8,1.57,0.35,Iris-setosa
5.17,3.39,1.49,0.1,Iris-setosa
5.34,3.7,1.58,0.17,Iris-setosa
5.07,3.6,1.36,0.41,Iris-setosa
4.64,3.23,1.65,0.01,Iris-setosa
4.94,3.66,1.25,0.2,Iris-setosa
4.31,3.33,1.38,0.3,Iris-setosa
4.96,3.64,1.61,0.3,Iris-setosa
5.23,3.47,1.4,0.29,Iris-setosa
4.27,3.13,1.02,0.14,Iris-setosa
4.99,3.83,1.43,0.3,Iris-setosa
5.25,3.7,1.58,0.42,Iris-setosa
4.56,2.87,1.49,0.18,Iris-setosa
5.34,4.06,1.55,0.33,Iris-setosa
5.54,3.74,1.46,0.33,Iris-setosa
4.18,3.13,1.5,0.09,Iris-setosa
5.4,3.72,1.5,0.39,Iris-setosa
5.44,3.82,1.61,0.26,Iris-setosa
4.63,3.2,1.5,0.09,Iris-setosa
5.46,3.16,1.62,0.05,Iris-setosa
5.35,4.11,1.42,0.33,Iris-setosa
5.66,4.24,1.51,0.26,Iris-setosa
4.85,3.3,1.52,0.31,Iris-setosa
5.48,3.99,1.38,0.12,Iris-setosa
4.92,3.07,1.58,0.14,Iris-setosa
5.02,3.55,1.26,0.23,Iris-setosa
5.09,3.14,1.74,0.4,Iris-setosa
5.07,3.05,1.4,0.29,Iris-setosa
5.02,3.46,1.42,0.26,Iris-setosa
5.06,3.91,1.82,0.3,Iris-setosa
5.1,3.83,1.67,0.33,Iris-setosa
5.09,3.56,1.46,0.4,Iris-setosa
5.3,4.03,1.69,0.32,Iris-setosa
5.07,3.45,1.25,0.21,Iris-setosa
5.17,3.41,1.48,0.36,Iris-setosa
5.13,3.53,1.57,0.31,Iris-setosa
4.73,3.21,1.71,0.27,Iris-setosa
5.15,2.92,1.48,0.42,Iris-setosa
4.71,3.06,1.37,0.38,Iris-setosa
5.2,3.44,1.74,0.33,Iris-setosa
4.83,2.86,1.42,0.44,Iris-setosa
5.13,3.72,1.65,0.28,Iris-setosa
5.22,3.97,1.36,0.32,Iris-setosa
5.06,3.34,1.37,0.25,Iris-setosa
5.12,3.43,1.47,0.22,Iris-setosa
5.62,3.76,1.48,0.32,Iris-setosa
4.54,3.22,1.43,0.38,Iris-setosa
4.73,2.94,1.25,0.05,Iris-setosa
4.67,3.19,1.19,0.29,Iris-setosa
4.32,2.59,1.55,0.03,Iris-setosa
4.97,3.19,1.63,0.2,Iris-setosa
4.55,2.62,1.19,0.16,Iris-setosa
5.32,3.29,1.42,0.3,Iris-setosa
5.41,4.17,1.78,0.38,Iris-setosa
5.17,3.64,1.45,0.2,Iris-setosa
5.17,3.26,1.5,0.31,Iris-setosa
4.93,3.35,1.7,0.26,Iris-setosa
5.54,3.91,1.46,0.31,Iris-setosa
4.87,2.96,1.41,0.11,Iris-setosa
4.66,3.26,1.74,0.36,Iris-setosa
4.34,3.16,1.28,0.26,Iris-setosa
5.11,3.68,1.35,0.06,Iris-setosa
5.42,3.84,1.35,0.26,Iris-setosa
5.25,3.85,1.66,0.39,Iris-setosa
5.65,3.91,1.32,0.25,Iris-setosa
4.84,3.38,1.51,0.22,Iris-setosa
5.12,3.56,1.84,0.36,Iris-setosa
5.11,3.39,1.94,0.37,Iris-setosa
4.68,2.86,1.73,0.14,Iris-setosa
4.91,3.23,1.67,0.11,Iris-setosa
5.2,3.53,1.22,0.14,Iris-setosa
4.83,3.26,1.68,0.13,Iris-setosa
4.77,3.14,1.33,0.06,Iris-setosa
5.16,3.83,1.51,0.37,Iris-setosa
5.09,3.24,1.75,0.08,Iris-setosa
4.75,3.37,1.46,0.3,Iris-setosa
4.99,3.45,1.65,0.31,Iris-setosa
4.74,2.79,1.43,0.12,Iris-setosa
5.33,3.85,1.7,0.35,Iris-setosa
5.37,3.82,1.43,0.13,Iris-setosa
4.69,3.14,1.85,0.29,Iris-setosa
4.87,3.26,1.49,0.28,Iris-setosa
5.13,3.44,1.29,0.19,Iris-setosa
5.31,4.1,1.45,0.28,Iris-setosa
5.02,3.6,1.62,0.28,Iris-setosa
5.42,3.36,1.38,0.21,Iris-setosa
4.9,3.25,1.61,0.14,Iris-setosa
4.86,3.28,1.22,0.04,Iris-setosa
5.13,3.29,1.62,0.22,Iris-setosa
5.32,3.96,1.46,0.36,Iris-setosa
4.57,3.42,1.12,0.19,Iris-setosa
4.93,3.69,1.58,0.3,Iris-setosa
4.38,2.96,1.24,0.2,Iris-setosa
5.02,3.11,1.46,0.11,Iris-setosa
5.05,3.2,1.78,0.35,Iris-setosa
4.74,3.35,1.34,0.27,Iris-setosa
5.63,3.65,1.61,0.12,Iris-setosa
5.08,3.66,1.61,0.16,Iris-setosa
5.12,3.43,1.48,0.2,Iris-setosa
4.84,3.31,1.52,0.29,Iris-setosa
5.34,4.07,1.42,0.39,Iris-setosa
5.18,3.61,1.61,0.23,Iris-setosa
5.18,3.51,1.24,0.28,Iris-setosa
5.63,3.74,1.43,0.38,Iris-setosa
4.66,2.75,1.58,0.36,Iris-setosa
5.84,4.43,1.43,0.26,Iris-setosa
4.74,3.2,1.41,0.12,Iris-setosa
4.87,3.14,1.53,0.19,Iris-setosa
4.88,2.99,1.31,0.21,Iris-setosa
4.7,3.49,1.24,0.26,Iris-setosa
5.48,3.46,1.36,0.25,Iris-setosa
4.53,3.02,1.3,0.28,Iris-setosa
4.93,3.6,1.51,0.1,Iris-setosa
5.25,3.77,1.5,0.32,Iris-setosa
5.04,3.25,1.47,0.22,Iris-setosa
4.3,2.6,1.13,0.11,Iris-setosa
4.38,3.22,1.62,0.22,Iris-setosa
5.19,3.7,1.24,0.29,Iris-setosa
4.79,3.56,1.27,0.19,Iris-setosa
4.46,3.03,1.34,-0.01,Iris-setosa
5.19,3.47,1.51,0.5,Iris-setosa
5.2,3.27,1.71,0.26,Iris-setosa
4.83,3.39,1.45,0.35,Iris-setosa
5.17,3.36,1.11,0.31,Iris-setosa
5.3,3.69,1.53,0.22,Iris-setosa
5.03,3.13,1.42,0.14,Iris-setosa
4.72,3.28,1.4,0.24,Iris-setosa
5.13,2.68,1.59,0.17,Iris-setosa
5.18,4.0,1.58,0.22,Iris-setosa
4.98,3.54,1.6,0.25,Iris-setosa
4.33,2.68,1.36,0.09,Iris-setosa
4.97,3.5,1.63,0.33,Iris-setosa
4.93,3.08,1.42,0.21,Iris-setosa
5.15,2.91,1.51,0.29,Iris-setosa
5.38,3.43,1.69,0.11,Iris-setosa
5.33,3.73,1.58,0.34,Iris-setosa
5.23,3.82,1.4,0.3,Iris-setosa
4.93,3.14,1.57,0.24,Iris-setosa
5.5,3.71,1.56,0.31,Iris-setosa
5.39,3.94,1.42,0.25,Iris-setosa
4.92,3.27,1.37,0.17,Iris-setosa
5.14,3.5,1.35,0.14,Iris-setosa
4.92,3.34,1.5,0.28,Iris-setosa
5.52,3.37,1.59,-0.04,Iris-setosa
5.74,4.23,1.61,0.33,Iris-setosa
5.33,3.2,1.5,0.28,Iris-setosa
5.08,3.91,1.56,0.33,Iris-setosa
4.51,3.3,1.17,0.27,Iris-setosa
4.9,3.43,1.47,0.09,Iris-setosa
4.9,3.39,1.23,0.24,Iris-setosa
4.54,2.72,1.43,-0.03,Iris-setosa
5.36,3.66,1.29,0.11,Iris-setosa
4.44,2.88,1.41,0.03,Iris-setosa
5.24,3.48,1.39,0.36,Iris-setosa
5.42,3.36,1.82,0.41,Iris-setosa
5.36,3.28,1.36,0.37,Iris-setosa
4.64,3.14,1.47,0.3,Iris-setosa
5.19,3.26,1.43,0.22,Iris-setosa
5.15,3.19,1.7,0.15,Iris-setosa
5.12,4.01,1.53,0.3,Iris-setosa
4.19,2.72,1.32,0.03,Iris-setosa
4.91,3.1,1.28,0.26,Iris-setosa
3.95,2.6,1.19,0.17,Iris-setosa
4.75,3.26,1.37,0.16,Iris-setosa
4.58,2.77,1.55,0.19,Iris-setosa
5.03,4.0,1.74,0.24,Iris-setosa
5.67,4.25,1.74,0.41,Iris-setosa
5.52,3.52,1.59,0.17,Iris-setosa
5.27,3.71,1.58,0.38,Iris-setosa
5.62,3.54,1.62,0.17,Iris-setosa
5.17,3.34,1.21,0.23,Iris-setosa
4.79,3.13,1.18,0.05,Iris-setosa
5.08,3.33,1.49,0.15,Iris-setosa
5.01,3.78,1.81,0.41,Iris-setosa
5.24,3.64,1.43,0.32,Iris-setosa
4.67,3.12,1.59,0.32,Iris-setosa
5.13,3.6,1.18,0.26,Iris-setosa
4.66,3.25,1.41,0.2,Iris-setosa
4.92,3.27,0.99,0.18,Iris-setosa
5.31,3.36,1.36,0.2,Iris-setosa
5.45,3.55,1.61,0.2,Iris-setosa
4.75,3.58,1.52,0.26,Iris-setosa
4.86,2.79,1.64,0.31,Iris-setosa
4.99,3.46,1.66,0.33,Iris-setosa
5.45,4.07,1.27,0.23,Iris-setosa
5.24,3.92,1.54,0.16,Iris-setosa
4.49,2.93,1.52,0.18,Iris-setosa
5.12,3.53,1.35,0.25,Iris-setosa
4.6,2.65,1.47,0.24,Iris-setosa
4.8,3.07,1.38,0.22,Iris-setosa
4.87,3.77,1.7,0.32,Iris-setosa
5.04,3.8,1.39,0.26,Iris-setosa
4.8,3.35,1.44,0.24,Iris-setosa
5.08,3.38,1.49,0.27,Iris-setosa
5.3,3.63,1.74,0.18,Iris-setosa
4.77,3.5,1.19,0.2,Iris-setosa
5.16,3.31,1.75,0.36,Iris-setosa
5.28,4.02,1.55,0.54,Iris-setosa
5.72,4.16,1.36,0.18,Iris-setosa
5.56,3.78,1.6,0.29,Iris-setosa
4.79,3.51,1.26,0.12,Iris-setosa
5.19,3.38,1.54,0.15,Iris-setosa
5.33,3.55,1.56,0.28,Iris-setosa
4.2,2.82,1.66,0.22,Iris-setosa
5.13,3.41,1.2,0.07,Iris-setosa
5.46,3.66,1.32,0.39,Iris-setosa
5.06,3.28,1.39,0.09,Iris-setosa
5.51,3.89,1.44,0.63,Iris-setosa
5.21,3.52,1.66,0.29,Iris-setosa
5.17,3.32,1.67,0.27,Iris-setosa
4.11,2.41,1.21,0.11,Iris-setosa
4.69,3.35,1.29,0.16,Iris-setosa
4.57,3.1,1.54,0.42,Iris-setosa
5.2,3.19,1.55,0.19,Iris-setosa
5.21,3.89,1.37,0.39,Iris-setosa
5.09,3.06,1.22,0.21,Iris-setosa
5.15,3.38,1.36,0.05,Iris-setosa
5.12,3.48,1.69,0.15,Iris-setosa
5.07,3.74,1.55,0.31,Iris-setosa
5.06,3.61,1.41,0.29,Iris-setosa
5.28,3.63,1.61,0.23,Iris-setosa
5.63,3.91,1.67,0.34,Iris-setosa
4.69,2.96,1.19,0.26,Iris-setosa
5.2,3.8,1.42,0.27,Iris-setosa
4.84,3.29,1.35,0.14,Iris-setosa
5.22,3.53,1.46,0.15,Iris-setosa
5.07,2.89,1.44,-0.01,Iris-setosa
5.22,3.18,1.23,0.23,Iris-setosa
5.04,3.46,1.48,0.24,Iris-setosa
5.28,3.54,1.45,0.38,Iris-setosa
5.0,3.73,1.42,0.3,Iris-setosa
5.23,3.71,1.68,0.24,Iris-setosa
5.49,3.58,1.35,0.22,Iris-setosa
4.22,2.39,1.44,0.15,Iris-setosa
5.25,3.97,1.22,0.27,Iris-setosa
4.5,2.8,1.5,0.17,Iris-setosa
4.57,3.09,1.34,0.15,Iris-setosa
4.78,2.94,1.57,0.32,Iris-setosa
5.59,4.31,1.44,0.29,Iris-setosa
5.61,4.04,1.57,0.21,Iris-setosa
4.5,2.94,1.18,0.07,Iris-setosa
5.08,3.54,1.69,0.19,Iris-setosa
5.21,3.84,1.62,0.23,Iris-setosa
4.86,3.22,1.13,0.16,Iris-setosa
4.94,3.03,1.45,0.09,Iris-setosa
5.2,3.4,1.58,0.3,Iris-setosa
5.21,3.45,1.46,0.35,Iris-setosa
5.81,4.2,1.36,0.32,Iris-setosa
5.14,3.64,1.46,0.23,Iris-setosa
5.11,3.24,1.25,0.43,Iris-setosa
5.07,3.21,1.49,0.41,Iris-setosa
5.51,3.54,1.47,0.16,Iris-setosa
4.75,3.48,1.64,0.25,Iris-setosa
5.05,3.33,1.46,0.47,Iris-setosa
5.11,3.16,1.52,0.21,Iris-setosa
4.77,3.35,1.62,0.39,Iris-setosa
5.01,3.65,1.46,0.24,Iris-setosa
4.99,3.44,1.41,0.33,Iris-setosa
4.42,2.85,1.34,0.18,Iris-setosa
4.53,2.75,1.59,0.3,Iris-setosa
5.23,3.53,1.22,0.23,Iris-setosa
5.07,3.65,1.54,0.19,Iris-setosa
5.09,3.64,1.41,0.24,Iris-setosa
4.71,2.97,1.71,0.46,Iris-setosa
5.46,3.56,1.47,0.29,Iris-setosa
5.16,3.34,1.61,0.31,Iris-setosa
5.09,3.46,1.42,0.24,Iris-setosa
5.2,3.77,1.45,0.35,Iris-setosa
5.29,3.5,1.53,0.12,Iris-setosa
4.73,3.45,1.68,0.21,Iris-setosa
4.83,3.58,1.46,0.25,Iris-setosa
6.07,2.94,3.77,1.26,Iris-versicolor
6.47,2.79,4.63,1.47,Iris-versicolor
5.98,2.57,3.98,1.15,Iris-versicolor
5.33,2.52,4.42,1.55,Iris-versicolor
6.15,2.94,4.95,1.48,Iris-versicolor
6.15,2.61,4.22,1.07,Iris-versicolor
5.49,2.52,4.0,1.11,Iris-versicolor
6.3,2.97,4.18,1.35,Iris-versicolor
5.53,2.82,4.23,1.4,Iris-versicolor
6.44,3.03,4.69,1.65,Iris-versicolor
5.73,2.68,4.15,1.24,Iris-versicolor
6.66,3.36,5.28,1.49,Iris-versicolor
5.47,2.43,4.03,0.94,Iris-versicolor
5.22,2.75,3.88,1.21,Iris-versicolor
5.69,2.44,4.43,1.42,Iris-versicolor
5.57,2.77,4.47,1.42,Iris-versicolor
5.59,2.63,3.58,1.25,Iris-versicolor
6.32,2.87,4.28,1.42,Iris-versicolor
6.31,2.69,4.26,1.48,Iris-versicolor
5.26,2.68,3.89,1.34,Iris-versicolor
5.37,2.5,4.05,1.3,Iris-versicolor
5.32,2.47,3.79,1.2,Iris-versicolor
5.86,2.93,4.58,1.42,Iris-versicolor
6.26,2.79,4.88,1.64,Iris-versicolor
6.01,2.29,4.62,1.22,Iris-versicolor
5.55,2.07,4.15,1.11,Iris-versicolor
5.74,2.68,4.51,1.55,Iris-versicolor
5.76,2.37,4.17,1.4,Iris-versicolor
6.05,2.78,4.45,1.36,Iris-versicolor
5.57,2.48,3.71,1.03,Iris-versicolor
5.22,2.33,3.21,1.08,Iris-versicolor
6.01,2.61,3.77,1.22,Iris-versicolor
6.08,2.71,4.15,1.33,Iris-versicolor
6.79,2.53,4.84,1.45,Iris-versicolor
6.04,2.77,4.46,1.38,Iris-versicolor
7.01,3.2,5.08,1.51,Iris-versicolor
6.38,2.7,4.54,1.37,Iris-versicolor
5.4,2.41,4.2,1.24,Iris-versicolor
5.06,2.46,4.37,1.23,Iris-versicolor
5.48,2.74,4.0,1.21,Iris-versicolor
5.92,3.02,4.33,1.55,Iris-versicolor
6.29,3.26,4.5,1.53,Iris-versicolor
6.53,2.48,3.89,1.23,Iris-versicolor
6.45,3.2,4.87,1.65,Iris-versicolor
6.29,2.65,4.27,1.17,Iris-versicolor
5.88,2.94,4.68,1.43,Iris-versicolor
6.02,2.77,3.94,1.29,Iris-versicolor
6.28,2.89,4.01,1.24,Iris-versicolor
6.04,2.89,4.31,1.37,Iris-versicolor
4.39,2.2,3.21,1.16,Iris-versicolor
5.75,2.4,3.68,1.14,Iris-versicolor
6.13,3.1,4.43,1.44,Iris-versicolor
6.12,3.06,4.38,1.43,Iris-versicolor
6.34,2.74,4.21,1.22,Iris-versicolor
6.47,3.11,4.77,1.19,Iris-versicolor
6.98,2.95,5.17,1.46,Iris-versicolor
6.54,3.04,5.13,1.62,Iris-versicolor
4.97,2.69,3.17,0.9,Iris-versicolor
6.55,3.24,4.78,1.57,Iris-versicolor
6.29,2.68,4.73,1.47,Iris-versicolor
5.98,3.38,4.87,1.48,Iris-versicolor
6.39,3.22,4.83,1.66,Iris-versicolor
5.72,2.97,4.09,1.34,Iris-versicolor
7.22,3.02,4.95,1.58,Iris-versicolor
5.79,2.82,4.29,1.32,Iris-versicolor
5.38,2.56,3.75,1.33,Iris-versicolor
5.95,2.56,4.2,1.2,Iris-versicolor
6.31,2.49,4.46,1.16,Iris-versicolor
6.93,3.02,4.52,1.26,Iris-versicolor
5.25,2.86,4.09,1.31,Iris-versicolor
6.85,3.3,4.48,1.31,Iris-versicolor
5.84,2.9,4.11,1.15,Iris-versicolor
6.47,2.96,5.04,1.5,Iris-versicolor
6.21,3.13,4.37,1.38,Iris-versicolor
6.3,2.64,4.16,1.31,Iris-versicolor
5.36,2.81,3.89,1.14,Iris-versicolor
6.46,2.69,4.68,1.62,Iris-versicolor
5.96,2.67,4.36,1.44,Iris-versicolor
5.75,2.64,4.32,1.42,Iris-versicolor
5.31,2.58,3.49,1.16,Iris-versicolor
4.87,2.61,3.52,1.35,Iris-versicolor
6.12,2.65,4.28,1.48,Iris-versicolor
5.64,2.81,4.25,1.41,Iris-versicolor
5.98,1.84,4.25,1.18,Iris-versicolor
6.27,2.69,4.38,1.4,Iris-versicolor
6.14,3.22,4.57,1.55,Iris-versicolor
6.58,3.23,5.24,1.73,Iris-versicolor
6.38,3.32,4.95,1.61,Iris-versicolor
5.45,2.76,3.81,1.4,Iris-versicolor
5.57,2.4,4.15,1.37,Iris-versicolor
5.78,3.15,4.01,1.54,Iris-versicolor
6.18,2.41,4.25,1.52,Iris-versicolor
6.41,2.88,4.3,1.27,Iris-versicolor
6.15,3.03,4.49,1.38,Iris-versicolor
5.82,2.76,3.84,1.17,Iris-versicolor
6.25,2.59,4.54,1.32,Iris-versicolor
6.91,2.98,4.78,1.49,Iris-versicolor
5.99,2.65,4.25,1.29,Iris-versicolor
6.28,2.68,3.96,1.18,Iris-versicolor
6.55,2.62,4.44,1.43,Iris-versicolor
5.53,3.07,4.02,1.34,Iris-versicolor
5.62,2.27,4.03,1.17,Iris-versicolor
5.28,2.05,3.55,1.0,Iris-versicolor
5.68,2.94,4.06,1.4,Iris-versicolor
6.7,3.49,5.0,1.41,Iris-versicolor
5.78,2.98,4.74,1.56,Iris-versicolor
4.72,3.15,3.43,1.24,Iris-versicolor
5.92,2.94,4.68,1.42,Iris-versicolor
6.32,3.16,4.11,1.2,Iris-versicolor
5.55,2.38,4.22,1.35,Iris-versicolor
6.32,3.29,4.45,1.58,Iris-versicolor
6.4,3.16,4.15,1.18,Iris-versicolor
6.42,2.71,4.61,1.16,Iris-versicolor
5.25,2.83,4.2,1.52,Iris-versicolor
6.24,2.65,4.28,1.31,Iris-versicolor
5.9,2.46,4.21,1.21,Iris-versicolor
5.48,2.98,3.28,1.04,Iris-versicolor
6.08,2.84,4.54,1.34,Iris-versicolor
6.49,3.08,5.16,1.77,Iris-versicolor
6.25,2.72,4.44,1.35,Iris-versicolor
7.12,2.92,4.64,1.39,Iris-versicolor
5.58,2.71,3.8,1.25,Iris-versicolor
6.23,2.76,4.29,1.34,Iris-versicolor
5.86,2.41,3.84,1.03,Iris-versicolor
6.45,3.13,4.7,1.41,Iris-versicolor
5.98,2.69,4.59,1.52,Iris-versicolor
5.54,2.25,4.04,1.08,Iris-versicolor
5.9,2.72,4.83,1.47,Iris-versicolor
5.25,2.64,4.21,1.3,Iris-versicolor
5.94,2.6,4.4,1.54,Iris-versicolor
5.64,2.24,3.91,1.1,Iris-versicolor
5.52,2.49,3.72,1.09,Iris-versicolor
5.65,2.59,4.2,1.32,Iris-versicolor
6.05,2.67,3.66,1.15,Iris-versicolor
5.04,2.27,4.17,1.35,Iris-versicolor
6.26,3.05,4.63,1.45,Iris-versicolor
5.31,2.64,3.72,1.01,Iris-versicolor
5.55,2.66,3.68,1.0,Iris-versicolor
5.71,3.24,4.64,1.6,Iris-versicolor
4.84,2.25,3.37,0.85,Iris-versicolor
4.96,2.13,3.48,0.9,Iris-versicolor
5.79,2.66,4.02,1.18,Iris-versicolor
6.06,2.93,4.58,1.41,Iris-versicolor
5.01,2.42,3.85,1.36,Iris-versicolor
5.05,2.02,3.6,0.96,Iris-versicolor
6.21,2.84,4.45,1.44,Iris-versicolor
6.16,2.59,4.44,1.33,Iris-versicolor
6.43,3.17,5.16,1.81,Iris-versicolor
4.45,1.88,3.28,0.85,Iris-versicolor
5.43,2.77,3.8,1.25,Iris-versicolor
6.22,2.57,4.12,1.31,Iris-versicolor
5.78,2.67,3.43,1.06,Iris-versicolor
6.9,3.33,5.32,1.75,Iris-versicolor
5.1,3.28,4.16,1.57,Iris-versicolor
4.78,2.2,3.38,1.04,Iris-versicolor
5.88,2.19,3.45,0.76,Iris-versicolor
5.15,2.42,3.87,1.19,Iris-versicolor
5.74,2.41,4.34,1.24,Iris-versicolor
5.75,2.77,3.98,1.38,Iris-versicolor
5.8,2.72,4.11,1.31,Iris-versicolor
5.17,2.64,3.51,1.24,Iris-versicolor
5.34,2.73,4.01,1.3,Iris-versicolor
6.43,2.28,4.27,1.41,Iris-versicolor
5.83,2.24,3.88,1.22,Iris-versicolor
6.17,2.73,4.72,1.35,Iris-versicolor
6.56,3.29,5.12,1.62,Iris-versicolor
5.74,2.62,3.86,1.14,Iris-versicolor
6.39,2.97,4.34,1.21,Iris-versicolor
4.82,2.52,3.9,1.12,Iris-versicolor
7.19,3.05,4.77,1.36,Iris-versicolor
7.09,3.16,5.01,1.59,Iris-versicolor
6.52,2.82,4.54,1.32,Iris-versicolor
5.82,2.4,4.04,1.3,Iris-versicolor
5.41,2.56,3.53,0.95,Iris-versicolor
5.77,2.6,4.14,1.33,Iris-versicolor
6.15,2.79,4.3,1.3,Iris-versicolor
6.89,3.51,4.9,1.68,Iris-versicolor
5.88,2.49,3.69,0.94,Iris-versicolor
5.61,3.18,4.13,1.45,Iris-versicolor
6.53,2.82,4.53,1.27,Iris-versicolor
6.09,2.81,3.86,1.22,Iris-versicolor
6.03,2.59,3.94,1.34,Iris-versicolor
5.59,2.15,3.86,0.97,Iris-versicolor
6.16,2.96,4.49,1.39,Iris-versicolor
5.12,2.58,3.69,1.24,Iris-versicolor
6.54,2.98,4.87,1.49,Iris-versicolor
6.79,3.36,4.74,1.6,Iris-versicolor
5.17,2.68,3.86,1.38,Iris-versicolor
6.68,2.84,4.66,1.44,Iris-versicolor
5.58,2.31,3.9,1.07,Iris-versicolor
5.82,2.29,4.18,1.27,Iris-versicolor
5.39,1.94,4.01,1.23,Iris-versicolor
6.1,3.18,4.42,1.22,Iris-versicolor
6.01,3.04,4.69,1.46,Iris-versicolor
5.45,2.75,3.8,1.01,Iris-versicolor
5.58,2.45,3.91,1.1,Iris-versicolor
6.11,3.06,4.77,1.58,Iris-versicolor
5.35,2.43,3.73,1.28,Iris-versicolor
5.58,2.26,4.38,1.31,Iris-versicolor
5.61,2.89,4.66,1.61,Iris-versicolor
5.0,2.35,3.5,0.91,Iris-versicolor
7.28,3.27,5.64,1.8,Iris-versicolor
6.91,2.85,5.55,1.67,Iris-versicolor
6.19,2.57,4.48,1.37,Iris-versicolor
5.27,2.49,4.16,1.27,Iris-versicolor
5.77,2.8,4.49,1.37,Iris-versicolor
5.83,2.99,4.66,1.41,Iris-versicolor
5.27,2.42,3.88,1.09,Iris-versicolor
6.07,2.62,4.48,1.48,Iris-versicolor
6.86,3.26,4.6,1.5,Iris-versicolor
5.85,2.68,4.08,1.2,Iris-versicolor
5.84,2.84,3.95,1.26,Iris-versicolor
5.5,2.28,4.22,1.2,Iris-versicolor
5.68,2.39,3.89,1.26,Iris-versicolor
6.13,3.19,4.34,1.66,Iris-versicolor
4.87,2.45,3.21,1.0,Iris-versicolor
5.59,2.59,3.86,1.13,Iris-versicolor
6.04,2.48,4.13,1.12,Iris-versicolor
6.16,2.85,4.41,1.33,Iris-versicolor
6.21,2.73,4.42,1.36,Iris-versicolor
6.61,2.82,5.01,1.48,Iris-versicolor
5.87,2.91,3.95,1.33,Iris-versicolor
5.93,2.89,4.21,1.42,Iris-versicolor
6.39,2.82,3.85,1.0,Iris-versicolor
6.1,2.57,4.23,1.36,Iris-versicolor
5.84,3.02,4.23,1.31,Iris-versicolor
6.81,3.31,5.09,1.62,Iris-versicolor
6.16,2.53,4.04,1.3,Iris-versicolor
4.85,1.82,3.41,0.72,Iris-versicolor
6.22,2.58,4.35,1.36,Iris-versicolor
6.11,2.81,4.73,1.42,Iris-versicolor
5.15,2.42,4.02,1.17,Iris-versicolor
5.1,2.84,3.36,1.13,Iris-versicolor
5.58,2.71,4.51,1.45,Iris-versicolor
6.3,2.86,4.29,1.17,Iris-versicolor
5.16,2.43,4.05,1.15,Iris-versicolor
5.77,2.72,3.71,0.97,Iris-versicolor
6.24,3.05,4.3,1.5,Iris-versicolor
5.51,2.53,3.86,1.3,Iris-versicolor
6.84,2.97,5.15,1.55,Iris-versicolor
6.28,2.77,5.06,1.63,Iris-versicolor
6.23,2.69,4.55,1.33,Iris-versicolor
5.45,2.51,4.11,1.23,Iris-versicolor
6.72,3.13,5.0,1.56,Iris-versicolor
4.62,2.45,3.52,1.14,Iris-versicolor
5.62,2.51,4.42,1.34,Iris-versicolor
7.03,2.51,4.94,1.36,Iris-versicolor
5.35,2.6,3.59,0.98,Iris-versicolor
6.2,3.32,4.8,1.68,Iris-versicolor
6.2,3.2,4.04,1.47,Iris-versicolor
6.1,3.53,4.97,1.54,Iris-versicolor
5.13,1.98,3.4,0.93,Iris-versicolor
6.0,2.98,4.13,1.23,Iris-versicolor
6.01,2.59,4.49,1.39,Iris-versicolor
5.4,2.81,4.13,1.37,Iris-versicolor
7.0,2.88,4.98,1.47,Iris-versicolor
5.97,2.3,4.24,1.14,Iris-versicolor
6.24,3.15,4.5,1.4,Iris-versicolor
6.07,2.62,4.46,1.35,Iris-versicolor
6.08,2.53,4.29,1.32,Iris-versicolor
5.8,3.01,4.34,1.43,Iris-versicolor
5.81,2.67,4.59,1.43,Iris-versicolor
6.05,2.98,4.38,1.49,Iris-versicolor
5.93,2.33,4.14,1.29,Iris-versicolor
6.34,2.75,4.84,1.45,Iris-versicolor
6.3,2.98,4.31,1.39,Iris-versicolor
6.44,2.79,4.21,1.41,Iris-versicolor
5.31,2.32,3.98,1.26,Iris-versicolor
5.96,2.88,4.51,1.5,Iris-versicolor
6.01,2.95,4.59,1.49,Iris-versicolor
6.24,2.84,4.62,1.43,Iris-versicolor
5.7,2.9,4.79,1.53,Iris-versicolor
6.07,2.37,4.29,1.18,Iris-versicolor
6.27,2.95,4.65,1.56,Iris-versicolor
5.66,3.02,4.44,1.41,Iris-versicolor
6.81,3.22,4.69,1.46,Iris-versicolor
6.84,3.18,5.08,1.67,Iris-versicolor
6.13,2.7,4.5,1.45,Iris-versicolor
5.1,2.44,3.94,1.09,Iris-versicolor
5.46,2.84,4.2,1.52,Iris-versicolor
6.78,3.14,4.96,1.68,Iris-versicolor
6.61,3.03,4.87,1.49,Iris-versicolor
5.98,3.11,4.93,1.61,Iris-versicolor
5.8,2.71,4.65,1.48,Iris-versicolor
5.43,2.64,3.7,1.01,Iris-versicolor
5.29,2.45,3.84,1.17,Iris-versicolor
5.86,2.3,3.96,0.94,Iris-versicolor
5.94,2.7,3.9,1.27,Iris-versicolor
6.21,3.2,4.44,1.67,Iris-versicolor
5.56,3.25,4.31,1.58,Iris-versicolor
6.82,3.0,5.45,1.75,Iris-versicolor
5.32,2.29,4.01,1.1,Iris-versicolor
6.57,2.98,4.09,1.25,Iris-versicolor
5.67,2.71,4.21,1.33,Iris-versicolor
6.48,2.96,4.87,1.46,Iris-versicolor
6.06,2.77,3.95,1.17,Iris-versicolor
5.82,2.77,4.24,1.26,Iris-versicolor
6.2,3.12,3.78,1.04,Iris-versicolor
5.55,2.73,4.22,1.22,Iris-versicolor
5.92,2.92,4.4,1.45,Iris-versicolor
6.53,2.85,5.08,1.65,Iris-versicolor
7.01,2.75,4.6,1.54,Iris-versicolor
6.29,2.63,4.59,1.26,Iris-versicolor
6.7,2.92,4.48,1.61,Iris-versicolor
5.68,2.64,3.76,0.95,Iris-versicolor
6.52,2.81,4.31,1.39,Iris-versicolor
6.39,2.72,4.25,1.26,Iris-versicolor
5.58,3.22,3.95,1.45,Iris-versicolor
5.42,2.67,3.82,1.25,Iris-versicolor
6.32,2.93,4.19,1.44,Iris-versicolor
6.74,2.91,4.46,1.25,Iris-versicolor
6.24,2.77,4.44,1.42,Iris-versicolor
6.39,2.77,4.58,1.3,Iris-versicolor
6.6,2.57,4.68,1.35,Iris-versicolor
5.52,2.61,3.82,1.07,Iris-versicolor
6.08,2.79,4.39,1.35,Iris-versicolor
6.01,2.86,4.45,1.38,Iris-versicolor
5.91,2.77,4.52,1.65,Iris-versicolor
6.04,2.93,4.13,1.47,Iris-versicolor
5.19,2.58,3.78,1.29,Iris-versicolor
5.7,2.69,3.9,1.17,Iris-versicolor
6.5,3.25,4.68,1.43,Iris-versicolor
6.93,3.46,4.9,1.57,Iris-versicolor
5.57,2.74,4.0,1.18,Iris-versicolor
5.54,3.15,4.01,1.5,Iris-versicolor
5.42,2.61,4.06,1.24,Iris-versicolor
6.65,2.96,4.99,1.64,Iris-versicolor
5.96,2.69,4.18,1.2,Iris-versicolor
5.86,2.42,3.77,1.26,Iris-versicolor
5.33,3.01,4.31,1.49,Iris-versicolor
5.98,2.73,4.58,1.44,Iris-versicolor
5.92,3.18,4.46,1.39,Iris-versicolor
6.04,2.46,4.17,1.23,Iris-versicolor
5.55,2.59,3.96,1.0,Iris-versicolor
6.12,2.79,4.46,1.37,Iris-versicolor
6.93,3.3,4.65,1.4,Iris-versicolor
5.54,2.87,4.59,1.45,Iris-versicolor
4.58,2.68,3.39,1.13,Iris-versicolor
6.46,2.87,4.36,1.54,Iris-versicolor
5.37,2.84,3.56,1.17,Iris-versicolor
5.52,2.61,3.49,0.82,Iris-versicolor
5.92,3.03,4.35,1.4,Iris-versicolor
5.77,3.4,4.22,1.54,Iris-versicolor
5.81,2.89,4.28,1.4,Iris-versicolor
5.31,3.02,3.79,1.15,Iris-versicolor
5.66,2.56,3.89,1.31,Iris-versicolor
4.83,2.28,3.19,0.85,Iris-versicolor
5.93,1.97,4.66,1.27,Iris-versicolor
5.37,2.43,3.7,1.01,Iris-versicolor
6.15,2.43,4.64,1.25,Iris-versicolor
5.98,2.73,3.91,1.11,Iris-versicolor
5.65,2.7,3.83,1.02,Iris-versicolor
6.1,2.72,4.21,1.36,Iris-versicolor
5.56,2.77,4.09,1.35,Iris-versicolor
5.0,2.52,3.4,1.1,Iris-versicolor
6.0,2.22,4.39,1.28,Iris-versicolor
6.03,3.11,4.25,1.48,Iris-versicolor
5.53,2.36,3.67,1.12,Iris-versicolor
5.75,2.2,4.27,1.27,Iris-versicolor
6.23,3.15,3.68,1.28,Iris-versicolor
6.08,3.01,4.51,1.35,Iris-versicolor
6.81,2.99,4.33,1.31,Iris-versicolor
5.68,2.32,4.61,1.62,Iris-versicolor
6.73,3.06,5.4,1.58,Iris-versicolor
5.9,2.48,4.57,1.43,Iris-versicolor
5.82,2.77,4.24,1.28,Iris-versicolor
5.87,2.81,4.19,1.27,Iris-versicolor
6.34,2.95,4.66,1.4,Iris-versicolor
6.32,3.33,4.53,1.53,Iris-versicolor
5.96,2.93,4.7,1.47,Iris-versicolor
6.25,2.74,4.0,1.33,Iris-versicolor
5.83,2.2,3.97,1.2,Iris-versicolor
5.02,2.74,3.6,1.29,Iris-versicolor
5.2,2.74,3.93,1.29,Iris-versicolor
6.04,2.9,4.62,1.55,Iris-versicolor
6.0,2.38,4.25,1.18,Iris-versicolor
5.86,2.68,3.98,1.24,Iris-versicolor
6.02,2.93,4.07,1.3,Iris-versicolor
5.97,2.96,4.11,1.2,Iris-versicolor
5.59,2.72,4.1,1.15,Iris-versicolor
5.59,2.56,3.85,1.25,Iris-versicolor
6.18,3.01,4.86,1.68,Iris-versicolor
5.73,2.54,4.06,1.12,Iris-versicolor
5.94,2.89,4.17,1.26,Iris-versicolor
5.72,2.66,4.07,1.26,Iris-versicolor
6.72,3.18,4.58,1.32,Iris-versicolor
5.88,2.56,4.22,1.24,Iris-versicolor
6.06,2.54,4.52,1.38,Iris-versicolor
5.31,2.14,3.14,0.95,Iris-versicolor
6.32,2.96,4.6,1.66,Iris-versicolor
5.32,2.25,3.49,0.96,Iris-versicolor
6.82,2.7,4.42,1.22,Iris-versicolor
6.7,2.68,5.08,1.56,Iris-versicolor
5.61,2.57,4.13,1.25,Iris-versicolor
5.28,3.04,3.69,1.32,Iris-versicolor
6.23,2.85,4.55,1.45,Iris-versicolor
5.63,2.45,4.57,1.49,Iris-versicolor
6.29,3.29,4.49,1.45,Iris-versicolor
5.51,2.44,4.16,1.22,Iris-versicolor
5.71,2.69,3.86,1.16,Iris-versicolor
5.74,2.67,4.31,1.2,Iris-versicolor
5.4,2.56,3.87,1.2,Iris-versicolor
5.93,2.96,4.16,1.23,Iris-versicolor
5.03,2.67,3.74,1.14,Iris-versicolor
6.09,3.19,4.44,1.42,Iris-versicolor
6.01,2.63,4.57,1.35,Iris-versicolor
6.26,2.38,4.69,1.23,Iris-versicolor
5.7,2.45,4.02,1.16,Iris-versicolor
6.04,2.9,3.92,1.16,Iris-versicolor
5.82,3.5,3.81,1.34,Iris-versicolor
5.34,2.72,4.04,1.52,Iris-versicolor
6.85,3.47,4.98,1.66,Iris-versicolor
5.66,2.43,3.74,1.11,Iris-versicolor
5.63,3.02,4.28,1.45,Iris-versicolor
5.59,2.91,4.34,1.18,Iris-versicolor
6.35,2.8,4.45,1.37,Iris-versicolor
5.72,2.71,3.82,1.14,Iris-versicolor
5.15,2.23,4.16,1.24,Iris-versicolor
6.13,3.02,4.03,1.2,Iris-versicolor
6.23,3.06,4.56,1.73,Iris-versicolor
4.53,1.97,3.67,0.92,Iris-versicolor
6.37,2.94,4.42,1.37,Iris-versicolor
6.06,2.81,4.3,1.42,Iris-versicolor
5.79,2.65,4.0,1.52,Iris-versicolor
5.5,2.72,4.04,1.38,Iris-versicolor
5.64,2.76,4.26,1.29,Iris-versicolor
6.05,2.68,4.2,1.36,Iris-versicolor
5.64,2.57,3.88,1.24,Iris-versicolor
6.04,3.05,4.23,1.28,Iris-versicolor
5.79,2.8,4.54,1.48,Iris-versicolor
5.82,3.06,4.51,1.61,Iris-versicolor
5.98,1.98,4.12,1.09,Iris-versicolor
6.12,2.99,4.27,1.41,Iris-versicolor
5.33,3.15,3.96,1.43,Iris-versicolor
5.61,2.95,4.13,1.36,Iris-versicolor
5.17,2.81,4.2,1.49,Iris-versicolor
6.19,2.77,4.33,1.32,Iris-versicolor
5.95,2.69,3.86,1.13,Iris-versicolor
5.62,2.31,4.18,1.16,Iris-versicolor
6.79,2.57,4.49,1.2,Iris-versicolor
6.04,2.4,4.62,1.27,Iris-versicolor
5.74,2.7,4.33,1.36,Iris-versicolor
5.75,2.44,3.63,1.13,Iris-versicolor
6.26,2.51,4.12,1.27,Iris-versicolor
5.85,2.42,4.19,1.19,Iris-versicolor
6.37,2.89,4.45,1.29,Iris-versicolor
6.24,2.95,4.8,1.63,Iris-versicolor
5.8,2.88,4.06,1.6,Iris-versicolor
5.76,2.64,4.08,1.09,Iris-versicolor
6.13,2.57,3.91,1.08,Iris-versicolor
5.36,2.88,4.24,1.49,Iris-versicolor
5.95,2.75,3.75,1.18,Iris-versicolor
6.5,3.16,4.28,1.39,Iris-versicolor
5.63,3.24,4.17,1.44,Iris-versicolor
6.05,3.07,4.6,1.47,Iris-versicolor
6.32,2.38,4.31,1.25,Iris-versicolor
6.41,3.1,4.77,1.43,Iris-versicolor
6.59,2.9,4.64,1.35,Iris-versicolor
6.46,2.58,4.4,1.39,Iris-versicolor
5.32,2.68,3.74,1.13,Iris-versicolor
5.9,2.6,4.23,1.33,Iris-versicolor
5.78,2.97,4.38,1.68,Iris-versicolor
5.44,2.78,4.04,1.25,Iris-versicolor
6.52,2.83,5.11,1.81,Iris-versicolor
5.26,2.51,4.35,1.18,Iris-versicolor
6.08,2.94,4.59,1.57,Iris-versicolor
5.42,2.55,4.16,1.29,Iris-versicolor
5.25,2.54,4.16,1.29,Iris-versicolor
5.17,2.1,3.35,1.07,Iris-versicolor
5.93,2.79,4.46,1.68,Iris-versicolor
6.43,2.49,4.89,1.67,Iris-versicolor
6.2,2.47,4.91,1.64,Iris-versicolor
6.27,2.68,4.47,1.43,Iris-versicolor
5.6,2.85,3.66,1.08,Iris-versicolor
6.59,3.07,4.51,1.29,Iris-versicolor
5.3,2.57,3.47,1.13,Iris-versicolor
5.75,3.05,4.15,1.56,Iris-versicolor
5.92,2.58,4.25,1.35,Iris-versicolor
5.53,2.32,3.58,1.17,Iris-versicolor
6.21,2.81,3.93,1.14,Iris-versicolor
5.61,2.28,4.2,1.37,Iris-versicolor
5.59,2.92,4.02,1.26,Iris-versicolor
6.53,3.07,4.35,1.39,Iris-versicolor
5.47,3.02,4.19,1.38,Iris-versicolor
5.0,2.82,3.48,1.12,Iris-versicolor
5.83,2.66,3.55,0.99,Iris-versicolor
5.95,2.73,4.37,1.42,Iris-versicolor
6.28,2.79,4.06,1.18,Iris-versicolor
4.74,2.71,3.5,1.23,Iris-versicolor
6.38,2.88,4.18,1.31,Iris-versicolor
6.64,2.97,4.53,1.36,Iris-versicolor
5.89,3.01,4.33,1.4,Iris-versicolor
4.52,2.26,2.68,0.71,Iris-versicolor
5.54,2.42,3.93,1.39,Iris-versicolor
6.11,2.62,4.31,1.35,Iris-versicolor
5.27,2.84,3.69,1.36,Iris-versicolor
6.14,2.68,4.14,1.23,Iris-versicolor
5.92,2.85,4.1,1.38,Iris-versicolor
6.36,2.71,4.49,1.35,Iris-versicolor
5.29,2.5,3.88,1.21,Iris-versicolor
6.54,2.52,5.47,1.59,Iris-virginica
6.26,3.13,5.31,2.53,Iris-virginica
6.92,3.09,5.42,2.1,Iris-virginica
6.66,3.79,5.5,2.07,Iris-virginica
5.76,3.22,5.41,2.47,Iris-virginica
7.46,3.13,6.28,2.29,Iris-virginica
6.82,3.03,5.53,1.77,Iris-virginica
6.36,3.29,5.26,2.39,Iris-virginica
5.38,2.6,4.16,1.75,Iris-virginica
6.33,2.89,4.82,1.76,Iris-virginica
6.1,2.43,4.95,2.15,Iris-virginica
6.53,3.25,5.58,2.39,Iris-virginica
6.47,3.37,5.49,1.86,Iris-virginica
5.47,2.62,5.04,1.81,Iris-virginica
6.46,3.3,5.67,2.11,Iris-virginica
7.34,3.31,6.45,1.96,Iris-virginica
7.33,2.96,6.06,1.96,Iris-virginica
6.65,3.39,5.98,1.84,Iris-virginica
6.31,3.01,5.52,2.07,Iris-virginica
6.69,3.28,5.81,2.54,Iris-virginica
6.81,3.06,6.05,2.22,Iris-virginica
7.25,2.86,6.19,1.84,Iris-virginica
6.8,2.85,5.79,1.83,Iris-virginica
6.07,3.0,4.91,1.91,Iris-virginica
5.8,2.76,4.98,1.47,Iris-virginica
7.53,3.52,5.87,2.53,Iris-virginica
6.53,3.14,5.76,2.42,Iris-virginica
7.57,3.07,6.65,2.0,Iris-virginica
6.83,2.91,5.9,2.01,Iris-virginica
6.73,2.51,5.49,1.94,Iris-virginica
6.44,3.24,6.23,2.31,Iris-virginica
6.57,2.63,5.49,1.77,Iris-virginica
6.82,2.98,6.0,2.11,Iris-virginica
6.37,2.67,5.29,1.65,Iris-virginica
6.45,2.59,5.22,1.81,Iris-virginica
7.26,3.23,6.22,2.15,Iris-virginica
6.44,3.39,5.7,2.26,Iris-virginica
7.71,3.8,6.64,1.97,Iris-virginica
5.92,2.71,5.12,1.65,Iris-virginica
6.83,2.65,5.85,2.46,Iris-virginica
6.92,3.11,5.53,1.88,Iris-virginica
6.46,3.54,5.46,2.44,Iris-virginica
5.84,2.55,4.99,1.72,Iris-virginica
6.96,2.35,6.09,1.61,Iris-virginica
6.51,2.93,5.99,2.11,Iris-virginica
6.7,2.41,5.73,1.99,Iris-virginica
6.51,2.98,5.27,1.82,Iris-virginica
5.83,2.67,5.01,2.03,Iris-virginica
5.0,2.76,4.42,1.96,Iris-virginica
6.09,2.68,5.05,2.54,Iris-virginica
5.18,2.47,4.8,1.69,Iris-virginica
6.34,3.13,4.73,1.72,Iris-virginica
6.44,2.46,5.67,1.64,Iris-virginica
5.77,2.58,4.83,1.92,Iris-virginica
6.86,2.83,5.91,2.14,Iris-virginica
6.42,2.68,5.54,1.86,Iris-virginica
6.4,3.25,5.25,2.13,Iris-virginica
5.94,2.93,5.54,1.63,Iris-virginica
5.95,2.1,5.26,1.82,Iris-virginica
5.51,2.61,4.89,1.87,Iris-virginica
6.89,3.0,5.72,1.52,Iris-virginica
6.12,2.73,5.15,1.98,Iris-virginica
6.2,2.61,5.12,1.92,Iris-virginica
6.01,2.28,4.89,2.01,Iris-virginica
5.88,3.09,4.83,2.0,Iris-virginica
6.09,2.74,5.53,1.95,Iris-virginica
6.92,3.15,5.84,1.5,Iris-virginica
5.79,2.55,4.64,1.63,Iris-virginica
8.21,3.51,7.24,2.51,Iris-virginica
5.02,2.1,4.65,1.69,Iris-virginica
6.44,3.23,5.45,2.14,Iris-virginica
6.31,3.09,5.2,2.17,Iris-virginica
6.19,3.06,5.24,2.09,Iris-virginica
6.4,3.07,5.46,2.22,Iris-virginica
6.4,2.71,5.09,2.28,Iris-virginica
5.15,3.08,4.99,1.93,Iris-virginica
6.15,3.29,5.01,2.13,Iris-virginica
7.68,2.78,6.34,1.94,Iris-virginica
6.97,2.74,5.54,2.03,Iris-virginica
7.24,2.49,5.76,1.55,Iris-virginica
6.67,2.44,5.3,1.59,Iris-virginica
6.03,2.63,5.77,1.7,Iris-virginica
5.97,2.69,5.08,1.75,Iris-virginica
5.32,2.48,4.65,2.13,Iris-virginica
7.6,3.08,6.61,2.14,Iris-virginica
7.02,3.02,5.62,1.74,Iris-virginica
6.49,3.06,5.27,1.79,Iris-virginica
7.49,3.37,6.51,2.37,Iris-virginica
6.16,2.84,4.43,2.08,Iris-virginica
6.87,2.79,5.77,2.09,Iris-virginica
7.53,3.42,6.32,2.34,Iris-virginica
7.25,2.96,5.76,2.38,Iris-virginica
7.01,2.43,6.05,2.05,Iris-virginica
7.04,3.0,5.77,1.93,Iris-virginica
6.68,2.57,5.6,1.59,Iris-virginica
6.32,2.98,5.41,2.01,Iris-virginica
5.78,2.3,4.7,1.52,Iris-virginica
6.01,3.24,5.77,2.18,Iris-virginica
6.73,3.27,5.55,2.02,Iris-virginica
6.64,3.3,5.79,2.37,Iris-virginica
7.09,2.97,6.07,2.38,Iris-virginica
7.18,3.16,6.12,2.18,Iris-virginica
7.9,3.7,6.61,2.28,Iris-virginica
6.75,3.2,5.6,1.97,Iris-virginica
6.58,3.36,5.92,2.12,Iris-virginica
7.35,2.84,5.9,2.28,Iris-virginica
5.68,2.61,4.8,2.21,Iris-virginica
6.62,2.62,5.81,1.98,Iris-virginica
6.79,2.77,5.41,1.65,Iris-virginica
6.01,3.02,5.37,2.1,Iris-virginica
6.38,2.66,5.39,2.13,Iris-virginica
6.59,2.73,5.68,1.94,Iris-virginica
6.09,2.78,5.58,2.25,Iris-virginica
6.05,3.06,5.08,1.74,Iris-virginica
6.53,3.02,5.75,1.88,Iris-virginica
7.09,2.93,5.73,2.23,Iris-virginica
5.32,2.4,4.33,1.66,Iris-virginica
6.54,2.89,5.2,2.03,Iris-virginica
5.74,2.36,5.19,1.29,Iris-virginica
6.51,3.13,5.88,2.01,Iris-virginica
7.58,3.38,6.79,2.57,Iris-virginica
6.72,3.06,5.43,1.94,Iris-virginica
5.52,2.16,4.78,1.81,Iris-virginica
7.98,2.76,6.37,2.17,Iris-virginica
5.85,2.68,5.5,1.88,Iris-virginica
7.65,3.59,6.17,2.12,Iris-virginica
6.93,2.56,6.07,1.75,Iris-virginica
7.48,3.23,5.92,1.97,Iris-virginica
7.74,3.02,6.35,1.4,Iris-virginica
7.18,2.74,6.25,2.15,Iris-virginica
6.63,2.84,5.62,1.79,Iris-virginica
6.13,2.92,5.35,2.01,Iris-virginica
5.8,3.32,5.21,2.21,Iris-virginica
6.73,2.84,5.94,2.43,Iris-virginica
7.06,2.58,6.31,1.75,Iris-virginica
6.39,2.69,5.62,1.97,Iris-virginica
6.88,2.48,5.87,2.18,Iris-virginica
6.6,2.75,5.89,1.75,Iris-virginica
7.2,2.81,6.15,2.04,Iris-virginica
6.42,2.96,5.5,1.85,Iris-virginica
6.98,3.19,5.7,2.08,Iris-virginica
6.42,2.97,5.29,1.69,Iris-virginica
7.36,3.0,5.99,2.08,Iris-virginica
5.03,2.55,4.34,2.13,Iris-virginica
6.46,3.04,5.48,2.15,Iris-virginica
7.42,2.71,5.8,2.12,Iris-virginica
6.08,2.8,5.15,2.2,Iris-virginica
6.29,2.81,5.53,2.15,Iris-virginica
7.45,2.78,5.98,2.16,Iris-virginica
7.29,2.75,6.3,2.15,Iris-virginica
6.71,2.46,5.55,1.77,Iris-virginica
6.13,2.88,5.08,2.1,Iris-virginica
7.18,2.86,6.0,1.8,Iris-virginica
7.23,3.01,6.25,1.9,Iris-virginica
7.04,2.61,5.82,1.92,Iris-virginica
6.21,2.77,5.53,1.84,Iris-virginica
5.07,2.36,3.94,2.15,Iris-virginica
6.32,3.3,5.09,2.37,Iris-virginica
5.62,2.95,4.52,1.83,Iris-virginica
6.35,2.64,5.06,1.76,Iris-virginica
6.92,2.7,6.04,2.07,Iris-virginica
6.25,2.93,5.42,2.17,Iris-virginica
6.32,3.07,5.16,2.23,Iris-virginica
6.93,3.43,5.87,2.19,Iris-virginica
7.22,2.84,6.15,2.03,Iris-virginica
7.09,2.99,5.84,2.07,Iris-virginica
5.0,2.44,4.6,1.92,Iris-virginica
6.05,2.51,5.21,2.09,Iris-virginica
5.93,3.19,4.94,2.03,Iris-virginica
6.49,3.06,5.38,2.09,Iris-virginica
6.52,2.42,5.43,2.3,Iris-virginica
5.91,2.52,5.05,2.22,Iris-virginica
6.64,2.94,5.61,1.94,Iris-virginica
5.1,2.82,4.16,1.84,Iris-virginica
6.93,3.23,5.85,2.21,Iris-virginica
6.19,2.68,5.34,1.95,Iris-virginica
6.48,3.13,5.36,2.08,Iris-virginica
5.49,2.23,4.62,1.91,Iris-virginica
6.99,3.06,5.47,2.02,Iris-virginica
6.71,3.15,4.97,1.83,Iris-virginica
6.92,3.21,5.71,2.28,Iris-virginica
5.06,2.89,4.42,2.16,Iris-virginica
7.7,3.58,6.48,1.94,Iris-virginica
7.09,3.1,6.11,2.41,Iris-virginica
7.24,2.94,5.84,2.2,Iris-virginica
5.49,3.15,5.05,1.97,Iris-virginica
6.37,2.97,5.08,1.9,Iris-virginica
7.56,3.46,6.07,2.36,Iris-virginica
7.45,3.36,6.23,2.22,Iris-virginica
6.62,2.26,5.28,1.88,Iris-virginica
7.03,2.92,6.5,2.11,Iris-virginica
6.88,3.0,5.9,2.25,Iris-virginica
7.4,2.73,6.03,2.16,Iris-virginica
8.02,3.03,6.32,1.95,Iris-virginica
7.86,3.21,6.36,2.1,Iris-virginica
6.65,2.82,5.15,2.28,Iris-virginica
6.95,2.94,5.93,2.07,Iris-virginica
6.73,2.88,5.22,2.13,Iris-virginica
6.53,2.52,5.08,2.12,Iris-virginica
6.22,2.67,5.57,2.16,Iris-virginica
7.03,3.15,5.99,2.04,Iris-virginica
6.94,3.34,6.05,2.38,Iris-virginica
7.6,3.0,6.53,2.17,Iris-virginica
6.52,2.92,5.61,2.47,Iris-virginica
5.81,2.84,4.95,2.27,Iris-virginica
6.58,2.73,5.78,2.14,Iris-virginica
6.39,3.17,5.75,1.82,Iris-virginica
6.08,2.83,5.31,1.49,Iris-virginica
6.92,2.89,6.03,2.1,Iris-virginica
5.14,2.52,4.3,2.07,Iris-virginica
6.68,2.58,5.55,1.5,Iris-virginica
5.62,2.67,5.02,1.88,Iris-virginica
5.78,2.82,4.96,1.99,Iris-virginica
6.27,2.52,4.99,2.22,Iris-virginica
7.31,3.25,6.36,2.39,Iris-virginica
7.53,2.97,6.23,1.88,Iris-virginica
6.45,2.29,5.25,1.6,Iris-virginica
6.15,2.63,5.48,2.17,Iris-virginica
6.15,3.38,5.44,2.13,Iris-virginica
6.66,2.93,5.86,1.91,Iris-virginica
7.42,3.17,5.95,2.18,Iris-virginica
6.26,2.76,5.93,1.93,Iris-virginica
6.56,2.48,5.38,1.76,Iris-virginica
6.28,2.6,5.63,2.29,Iris-virginica
6.17,3.15,5.74,2.41,Iris-virginica
6.92,3.18,5.74,2.11,Iris-virginica
6.39,2.5,5.32,1.92,Iris-virginica
6.41,2.85,5.28,1.97,Iris-virginica
7.28,3.61,6.29,2.4,Iris-virginica
6.69,3.18,5.83,2.18,Iris-virginica
7.08,3.31,5.92,1.98,Iris-virginica
5.44,2.28,4.93,1.79,Iris-virginica
6.33,2.91,5.35,1.99,Iris-virginica
7.2,2.89,6.05,1.98,Iris-virginica
6.71,3.25,5.81,2.22,Iris-virginica
7.47,2.82,6.02,2.2,Iris-virginica
7.49,3.48,6.29,2.4,Iris-virginica
6.82,2.9,5.96,1.91,Iris-virginica
6.28,3.47,5.16,2.16,Iris-virginica
7.27,3.14,6.2,1.95,Iris-virginica
6.72,2.97,5.56,2.05,Iris-virginica
6.14,2.86,4.7,1.32,Iris-virginica
6.73,3.43,5.38,2.69,Iris-virginica
6.94,2.84,5.64,2.05,Iris-virginica
6.04,2.75,4.97,1.73,Iris-virginica
5.51,2.95,5.13,2.21,Iris-virginica
6.86,2.54,5.95,1.74,Iris-virginica
7.0,2.61,5.99,1.64,Iris-virginica
7.63,3.42,6.59,2.04,Iris-virginica
6.66,3.13,5.77,2.15,Iris-virginica
6.06,3.09,5.56,2.25,Iris-virginica
6.99,3.25,5.1,2.36,Iris-virginica
4.98,3.04,4.4,1.99,Iris-virginica
7.05,3.19,6.12,1.9,Iris-virginica
5.74,2.85,4.82,1.93,Iris-virginica
7.65,3.03,6.13,1.89,Iris-virginica
6.11,3.41,5.25,2.19,Iris-virginica
7.79,3.39,6.01,2.26,Iris-virginica
6.75,3.37,5.24,2.22,Iris-virginica
7.1,3.32,5.89,2.12,Iris-virginica
6.24,2.9,5.48,1.87,Iris-virginica
7.33,2.98,6.66,2.11,Iris-virginica
6.85,2.83,5.59,1.95,Iris-virginica
7.62,2.76,6.41,2.18,Iris-virginica
5.9,2.77,4.93,2.51,Iris-virginica
5.75,3.07,5.01,1.91,Iris-virginica
6.83,2.83,5.72,1.95,Iris-virginica
5.78,2.87,5.23,1.46,Iris-virginica
5.87,2.68,5.26,1.86,Iris-virginica
6.72,2.93,5.68,2.29,Iris-virginica
6.8,3.17,5.08,2.43,Iris-virginica
7.39,3.07,6.21,2.38,Iris-virginica
6.24,2.61,5.67,1.95,Iris-virginica
7.06,3.24,5.74,2.06,Iris-virginica
6.76,2.88,6.13,2.38,Iris-virginica
5.36,2.43,4.15,1.94,Iris-virginica
6.11,3.13,5.36,1.79,Iris-virginica
6.52,2.9,5.12,2.0,Iris-virginica
6.44,3.09,5.72,2.32,Iris-virginica
6.41,3.03,5.91,2.12,Iris-virginica
6.12,3.14,5.08,1.92,Iris-virginica
5.41,3.18,4.44,2.07,Iris-virginica
6.69,2.88,5.97,2.26,Iris-virginica
6.99,3.05,5.92,2.04,Iris-virginica
7.23,3.64,5.98,2.23,Iris-virginica
6.81,3.09,5.48,1.51,Iris-virginica
7.04,3.08,5.92,1.94,Iris-virginica
6.88,2.79,5.91,1.68,Iris-virginica
7.51,3.11,6.12,2.38,Iris-virginica
6.63,3.61,5.93,2.61,Iris-virginica
6.24,2.86,5.21,2.25,Iris-virginica
5.47,2.75,4.63,1.96,Iris-virginica
6.01,2.96,5.19,2.05,Iris-virginica
6.63,2.99,6.1,2.13,Iris-virginica
5.23,2.71,4.35,1.72,Iris-virginica
7.24,3.6,5.94,2.23,Iris-virginica
7.38,3.1,6.2,2.27,Iris-virginica
6.69,3.15,5.02,2.09,Iris-virginica
5.68,3.04,5.1,2.11,Iris-virginica
7.32,3.08,6.41,2.3,Iris-virginica
6.59,3.09,4.86,1.84,Iris-virginica
6.11,3.3,5.17,1.99,Iris-virginica
6.26,2.91,5.19,2.06,Iris-virginica
6.21,3.25,5.35,2.23,Iris-virginica
5.79,2.84,5.24,1.67,Iris-virginica
6.35,2.55,5.17,1.59,Iris-virginica
7.03,3.1,6.1,2.18,Iris-virginica
7.01,2.54,5.96,1.72,Iris-virginica
6.23,2.9,5.33,1.83,Iris-virginica
6.74,3.0,5.71,2.21,Iris-virginica
7.19,2.98,5.91,1.77,Iris-virginica
6.63,3.05,6.13,2.04,Iris-virginica
5.59,3.13,5.56,2.26,Iris-virginica
5.92,2.52,5.41,1.59,Iris-virginica
6.44,2.56,5.02,1.76,Iris-virginica
6.99,2.68,5.82,1.86,Iris-virginica
5.13,2.05,4.73,1.76,Iris-virginica
5.33,2.61,4.55,1.65,Iris-virginica
6.49,3.37,4.98,1.96,Iris-virginica
7.94,3.32,6.66,2.29,Iris-virginica
5.99,3.09,5.22,1.86,Iris-virginica
6.18,3.63,4.84,2.21,Iris-virginica
7.76,3.24,6.23,2.01,Iris-virginica
7.26,2.94,5.63,2.02,Iris-virginica
6.53,2.97,5.44,2.35,Iris-virginica
7.35,2.93,5.96,1.8,Iris-virginica
6.1,3.15,5.19,1.9,Iris-virginica
6.01,2.86,4.95,1.68,Iris-virginica
6.91,3.1,5.44,2.2,Iris-virginica
5.31,2.8,4.63,1.89,Iris-virginica
6.96,3.06,5.81,1.86,Iris-virginica
7.16,3.32,6.09,2.42,Iris-virginica
7.04,3.3,6.35,2.69,Iris-virginica
6.76,2.65,5.71,1.51,Iris-virginica
7.08,2.77,6.27,2.0,Iris-virginica
6.1,2.99,5.13,1.7,Iris-virginica
5.87,3.0,4.44,1.91,Iris-virginica
7.23,2.75,5.93,2.47,Iris-virginica
7.9,3.44,6.86,2.18,Iris-virginica
6.48,3.73,5.47,2.73,Iris-virginica
7.47,3.11,6.04,2.16,Iris-virginica
8.54,3.45,7.24,2.17,Iris-virginica
6.01,2.81,4.83,2.25,Iris-virginica
7.27,2.69,6.27,1.58,Iris-virginica
6.81,3.09,5.53,1.91,Iris-virginica
6.55,3.05,5.45,1.77,Iris-virginica
5.97,2.91,4.94,2.18,Iris-virginica
6.96,3.29,6.32,2.17,Iris-virginica
7.11,3.23,6.33,2.6,Iris-virginica
6.19,2.88,5.23,2.31,Iris-virginica
7.06,3.11,5.83,2.08,Iris-virginica
6.51,2.59,5.78,1.81,Iris-virginica
6.92,3.66,5.63,2.37,Iris-virginica
5.98,2.46,5.09,1.9,Iris-virginica
7.7,3.47,6.72,2.37,Iris-virginica
6.92,2.7,6.31,1.86,Iris-virginica
8.3,3.26,6.79,2.15,Iris-virginica
6.37,2.94,5.48,1.82,Iris-virginica
5.57,2.96,4.34,1.72,Iris-virginica
6.29,2.94,5.15,1.58,Iris-virginica
7.2,2.91,6.12,1.71,Iris-virginica
6.83,3.11,5.73,2.49,Iris-virginica
6.3,2.93,5.41,1.93,Iris-virginica
6.28,2.98,5.36,1.84,Iris-virginica
7.2,3.09,5.92,1.95,Iris-virginica
7.25,3.12,5.71,2.3,Iris-virginica
6.38,2.76,5.32,1.7,Iris-virginica
5.8,2.98,4.63,2.06,Iris-virginica
7.64,3.06,6.52,1.99,Iris-virginica
7.46,2.97,6.45,2.17,Iris-virginica
6.16,2.73,5.49,2.24,Iris-virginica
6.92,3.45,5.64,2.84,Iris-virginica
5.47,3.07,4.82,1.8,Iris-virginica
6.38,3.03,5.82,2.04,Iris-virginica
7.32,3.3,6.68,2.62,Iris-virginica
6.73,3.11,5.82,2.47,Iris-virginica
7.11,2.65,6.01,1.48,Iris-virginica
7.2,3.2,6.14,2.21,Iris-virginica
6.83,2.81,5.72,1.88,Iris-virginica
5.64,2.47,4.47,1.62,Iris-virginica
7.08,3.07,5.86,2.48,Iris-virginica
6.82,2.58,6.37,2.07,Iris-virginica
6.21,3.04,5.67,2.14,Iris-virginica
6.6,2.52,5.7,2.07,Iris-virginica
6.45,3.01,5.69,2.07,Iris-virginica
6.41,2.78,5.08,1.96,Iris-virginica
6.62,3.13,5.25,2.27,Iris-virginica
6.38,2.88,5.62,2.15,Iris-virginica
6.8,2.6,5.83,2.2,Iris-virginica
7.89,3.15,6.21,2.04,Iris-virginica
7.27,3.2,5.7,2.26,Iris-virginica
6.54,2.75,5.35,1.74,Iris-virginica
6.48,2.87,5.23,2.08,Iris-virginica
6.89,3.33,5.64,2.57,Iris-virginica
6.64,2.88,5.89,2.72,Iris-virginica
7.14,3.47,5.63,2.34,Iris-virginica
6.67,2.43,5.57,1.78,Iris-virginica
6.01,3.1,5.1,2.09,Iris-virginica
6.57,3.1,5.54,1.88,Iris-virginica
6.79,2.94,5.66,1.94,Iris-virginica
7.85,3.24,6.13,1.68,Iris-virginica
6.62,3.08,5.38,2.45,Iris-virginica
7.17,3.12,5.99,2.05,Iris-virginica
5.96,3.05,4.81,1.94,Iris-virginica
5.68,2.41,4.47,1.71,Iris-virginica
6.82,3.23,6.22,2.29,Iris-virginica
5.88,2.57,4.52,1.78,Iris-virginica
6.11,2.88,4.88,2.1,Iris-virginica
6.95,3.29,5.63,2.13,Iris-virginica
5.93,2.82,5.06,2.0,Iris-virginica
6.67,2.91,5.8,2.23,Iris-virginica
6.86,3.06,5.58,2.49,Iris-virginica
6.82,3.01,5.8,2.38,Iris-virginica
6.05,2.53,4.55,1.77,Iris-virginica
6.78,2.73,5.62,1.89,Iris-virginica
6.39,3.34,5.97,2.47,Iris-virginica
6.85,2.97,5.9,2.24,Iris-virginica
6.62,3.29,5.3,2.22,Iris-virginica
6.92,2.32,5.79,1.55,Iris-virginica
6.71,2.92,5.62,2.06,Iris-virginica
5.75,2.61,5.3,1.93,Iris-virginica
6.39,2.97,5.71,2.35,Iris-virginica
6.0,2.83,4.99,1.39,Iris-virginica
6.72,3.06,5.71,2.22,Iris-virginica
7.51,3.0,6.3,1.78,Iris-virginica
7.01,3.34,5.78,2.47,Iris-virginica
6.95,3.17,5.89,2.23,Iris-virginica
6.61,2.55,5.6,1.58,Iris-virginica
7.25,3.18,5.73,2.41,Iris-virginica
7.23,3.14,5.49,1.89,Iris-virginica
5.86,2.47,5.44,1.63,Iris-virginica
5.39,2.35,4.73,2.06,Iris-virginica
5.96,2.78,4.47,2.08,Iris-virginica
6.75,2.6,5.76,1.8,Iris-virginica
5.48,3.3,5.22,2.09,Iris-virginica
7.91,3.25,7.0,2.3,Iris-virginica
6.72,2.45,5.84,2.31,Iris-virginica
6.78,2.61,5.8,1.67,Iris-virginica
6.35,2.4,5.49,1.76,Iris-virginica
6.27,2.81,5.42,1.76,Iris-virginica
6.24,3.01,5.47,2.29,Iris-virginica
5.23,2.91,4.34,1.4,Iris-virginica
6.07,3.61,5.0,2.56,Iris-virginica
6.37,2.79,5.23,2.14,Iris-virginica
5.63,2.47,4.56,2.12,Iris-virginica
6.78,2.89,5.66,1.85,Iris-virginica
6.54,3.31,5.2,2.15,Iris-virginica
5.03,2.82,4.87,2.2,Iris-virginica
6.14,2.84,5.21,2.2,Iris-virginica
6.86,2.99,5.84,2.26,Iris-virginica
6.04,2.73,4.8,1.76,Iris-virginica
6.46,3.21,5.69,2.25,Iris-virginica
6.24,2.63,5.25,1.74,Iris-virginica
6.89,3.06,5.31,2.2,Iris-virginica
6.66,3.43,5.77,2.41,Iris-virginica
6.48,2.99,5.77,1.97,Iris-virginica
6.87,3.01,5.49,2.49,Iris-virginica
6.26,3.14,5.24,2.14,Iris-virginica
7.01,3.02,5.83,2.08,Iris-virginica
5.62,2.55,5.19,2.39,Iris-virginica
6.27,2.7,5.84,2.46,Iris-virginica
5.88,2.46,5.06,1.8,Iris-virginica
6.36,2.6,4.94,1.87,Iris-virginica
6.47,3.14,5.57,2.66,Iris-virginica
6.55,2.73,5.24,2.37,Iris-virginica
5.4,2.76,4.82,2.03,Iris-virginica
6.9,3.85,5.86,2.24,Iris-virginica
6.88,3.09,5.86,2.17,Iris-virginica
7.65,3.38,6.22,2.02,Iris-virginica
7.47,3.43,6.23,2.59,Iris-virginica
6.02,2.89,5.13,1.99,Iris-virginica
7.12,3.08,5.6,2.0,Iris-virginica
6.25,3.07,5.02,1.95,Iris-virginica
7.13,3.18,5.94,2.1,Iris-virginica
5.45,3.06,4.65,2.26,Iris-virginica
6.79,2.87,6.01,1.97,Iris-virginica
7.53,3.4,6.47,2.47,Iris-virginica
7.78,3.45,6.78,2.29,Iris-virginica
6.67,3.32,5.52,1.82,Iris-virginica
5.43,2.61,4.64,1.91,Iris-virginica
6.06,2.94,4.86,2.09,Iris-virginica
7.97,3.17,6.46,1.91,Iris-virginica
7.28,2.86,6.03,2.13,Iris-virginica
6.32,2.75,5.34,1.83,Iris-virginica
6.79,3.27,5.9,2.45,Iris-virginica
5.89,3.15,4.77,1.94,Iris-virginica
6.68,2.91,5.9,2.03,Iris-virginica
7.13,2.8,6.08,2.18,Iris-virginica
5.03,2.43,4.0,1.66,Iris-virginica
6.04,2.76,4.86,1.89,Iris-virginica
7.62,3.61,6.48,2.28,Iris-virginica
6.89,3.36,6.14,2.12,Iris-virginica
7.42,3.2,5.94,2.11,Iris-virginica
6.53,2.97,5.61,2.24,Iris-virginica
7.71,3.08,5.89,1.58,Iris-virginica
6.24,2.83,5.21,1.83,Iris-virginica
6.71,3.45,5.68,1.99,Iris-virginica
7.33,3.56,6.18,2.15,Iris-virginica
6.4,2.98,5.3,2.02,Iris-virginica
7.56,2.91,6.14,1.91,Iris-virginica
